Jahr;Brandenburg/Berlin;Brandenburg;Baden-Wuerttemberg;Bayern;Hessen;Mecklenburg-Vorpommern;Niedersachsen;Niedersachsen/Hamburg/Bremen;Nordrhein-Westfalen;Rheinland-Pfalz;Schleswig-Holstein;Saarland;Sachsen;Sachsen-Anhalt;Thueringen/Sachsen-Anhalt;Thueringen;Deutschland;
1976;8.63;8.62;8.41;7.69;8.71;8.01;8.84;8.84;9.41;9.19;8.4;9.56;8.14;8.77;8.36;7.86;8.47;
1977;9.08;9.07;8.56;8.02;8.67;8.46;9.06;9.07;9.31;8.89;8.6;9.15;8.49;9.08;8.64;8.08;8.67;
1978;8.41;8.4;7.54;6.91;7.75;7.83;8.28;8.28;8.48;7.96;7.95;8.13;7.64;8.28;7.78;7.16;7.79;
1979;8.03;8.01;8.01;7.37;7.65;7.31;7.77;7.77;8.22;8.07;7.23;8.4;7.67;7.98;7.57;7.06;7.72;
1980;7.74;7.73;7.52;6.88;7.71;7.33;8.16;8.16;8.62;8.07;7.69;8.29;7.23;7.92;7.49;6.95;7.63;
1981;8.66;8.65;8.1;7.52;8.08;8.13;8.55;8.55;8.86;8.51;8.03;8.87;8.02;8.62;8.14;7.53;8.19;
1982;9.46;9.44;8.64;8.06;8.82;8.68;9.3;9.3;9.69;9.09;8.69;9.51;9.0;9.55;9.07;8.45;8.9;
1983;9.68;9.66;8.78;8.19;8.87;9.07;9.53;9.53;9.7;9.2;9.12;9.55;9.03;9.63;9.08;8.4;9.04;
1984;8.41;8.4;7.7;7.06;7.93;8.02;8.5;8.5;8.86;8.29;8.21;8.69;7.72;8.41;7.9;7.25;7.97;
1985;7.91;7.89;7.42;6.71;7.28;7.24;7.8;7.81;8.03;7.71;7.36;8.15;7.33;7.88;7.38;6.76;7.42;
1986;8.26;8.24;7.89;7.33;7.93;7.75;8.24;8.24;8.6;8.29;7.78;8.63;7.79;8.2;7.79;7.27;7.93;
1987;7.55;7.53;7.68;6.96;7.42;7.08;7.73;7.73;8.23;7.93;7.32;8.33;7.01;7.53;7.13;6.63;7.44;
1988;9.5;9.49;8.89;8.32;9.04;8.99;9.51;9.51;9.75;9.35;9.08;9.6;8.78;9.56;9.07;8.46;9.06;
1989;10.15;10.14;9.04;8.44;9.38;9.7;9.99;9.99;10.26;9.67;9.6;9.93;9.52;10.12;9.6;8.95;9.47;
1990;10.12;10.11;9.13;8.45;9.38;9.76;10.08;10.08;10.2;9.7;9.73;9.99;9.42;10.07;9.52;8.83;9.49;
1991;8.94;8.93;8.22;7.44;8.27;8.42;8.8;8.8;9.01;8.69;8.46;9.11;8.16;8.8;8.3;7.67;8.35;
1992;9.91;9.9;9.12;8.6;9.22;9.34;9.89;9.9;9.97;9.54;9.53;9.82;9.3;9.91;9.37;8.7;9.37;
1993;8.83;8.82;8.57;7.97;8.53;8.15;8.64;8.64;9.08;8.93;8.17;9.28;8.26;8.75;8.32;7.79;8.47;
1994;9.9;9.89;9.88;9.35;9.74;9.23;9.84;9.84;10.26;10.14;9.31;10.54;9.45;9.97;9.59;9.11;9.7;
1995;9.21;9.2;8.77;8.14;8.93;8.65;9.32;9.32;9.77;9.43;8.86;9.82;8.54;9.29;8.82;8.22;8.9;
1996;7.36;7.35;7.42;6.7;7.21;6.93;7.46;7.47;7.93;7.78;7.16;8.3;6.63;7.28;6.88;6.39;7.2;
1997;9.24;9.22;8.81;8.14;8.88;8.78;9.35;9.36;9.65;9.25;8.96;9.69;8.46;9.26;8.81;8.25;8.89;
1998;9.49;9.48;8.92;8.41;8.97;8.89;9.48;9.48;9.69;9.25;8.99;9.49;8.89;9.59;9.12;8.54;9.06;
1999;10.05;10.04;9.05;8.48;9.46;9.55;10.21;10.22;10.35;9.76;9.65;9.9;9.18;10.1;9.56;8.87;9.49;
2000;10.41;10.39;9.71;9.12;9.77;9.74;10.27;10.27;10.5;10.09;9.81;10.29;9.82;10.39;9.93;9.36;9.87;
2001;9.22;9.21;9.0;8.32;9.1;8.78;9.41;9.41;9.85;9.53;8.85;9.73;8.62;9.35;8.95;8.45;9.02;
2002;9.76;9.75;9.55;8.98;9.55;9.42;9.88;9.88;10.28;10.05;9.62;10.29;9.2;9.7;9.32;8.84;9.56;
2003;9.5;9.48;9.45;8.76;9.5;9.04;9.66;9.66;10.14;10.07;9.2;10.62;9.01;9.63;9.23;8.74;9.38;
2004;9.3;9.29;8.7;8.17;8.87;8.95;9.53;9.54;9.58;9.23;9.12;9.54;8.62;9.34;8.88;8.29;8.94;
2005;9.33;9.31;8.6;7.97;9.13;9.06;9.64;9.64;9.88;9.54;9.24;9.85;8.59;9.42;8.97;8.4;8.99;
2006;9.98;9.96;9.19;8.55;9.49;9.66;10.22;10.23;10.35;9.94;9.88;10.26;9.24;10.02;9.51;8.87;9.54;
2007;10.35;10.34;9.47;9.05;9.76;9.95;10.41;10.41;10.48;10.12;10.04;10.32;9.68;10.34;9.86;9.28;9.85;
2008;10.12;10.11;9.08;8.73;9.35;9.71;9.99;9.99;9.87;9.55;9.74;9.73;9.41;10.01;9.54;8.95;9.48;
2009;9.48;9.47;9.0;8.45;9.13;9.08;9.71;9.71;9.81;9.58;9.28;9.85;8.91;9.54;9.12;8.58;9.18;
2010;8.09;8.08;7.93;7.34;7.9;7.69;8.11;8.11;8.43;8.37;7.67;8.71;7.46;7.99;7.64;7.2;7.85;
2011;9.94;9.92;9.64;8.91;9.68;9.44;9.99;9.98;10.38;10.19;9.4;10.46;9.37;9.98;9.6;9.12;9.64;
2012;9.36;9.35;9.08;8.53;9.06;8.85;9.45;9.45;9.66;9.46;8.8;9.72;8.86;9.44;9.06;8.59;9.09;
2013;9.19;9.18;8.56;8.1;8.66;8.89;9.06;9.06;9.2;8.98;8.78;9.22;8.39;9.07;8.64;8.08;8.71;
2014;10.67;10.66;10.14;9.6;10.31;10.24;10.79;10.8;10.95;10.67;10.48;10.93;10.14;10.68;10.29;9.79;10.33;
2015;10.36;10.35;9.89;9.43;9.91;9.76;10.15;10.15;10.35;10.25;9.71;10.5;9.93;10.32;9.96;9.5;9.94;
2016;10.0;9.98;9.29;8.88;9.44;9.62;9.94;9.94;10.11;9.76;9.61;9.9;9.37;10.08;9.63;9.03;9.55;
2017;9.92;9.91;9.4;8.83;9.56;9.47;9.97;9.97;10.31;10.01;9.57;10.21;9.39;10.03;9.63;9.1;9.58;
2018;10.84;10.82;10.38;9.89;10.52;10.2;10.73;10.73;11.02;10.84;10.18;11.1;10.29;10.88;10.46;9.91;10.45;
2019;11.07;11.05;9.87;9.5;10.13;10.45;10.67;10.67;10.74;10.45;10.18;10.71;10.35;10.93;10.43;9.78;10.28;
2020;10.95;10.94;10.24;9.48;10.42;10.43;10.86;10.87;11.13;10.96;10.46;11.26;10.27;10.98;10.49;9.85;10.43;
2021;9.67;9.66;8.83;8.31;8.98;9.45;9.69;9.69;9.79;9.45;9.5;9.72;8.86;9.63;9.12;8.45;9.16;
2022;10.76;10.75;10.59;9.9;10.65;10.21;10.78;10.78;11.21;11.18;10.25;11.52;10.17;10.84;10.47;9.97;10.52;
2023;10.89;10.88;10.69;10.06;10.67;10.32;10.89;10.89;11.23;11.12;10.29;11.38;10.44;11.02;10.63;10.13;10.63;
